{"food":{"color":{"blue":0.23529411852359772,"brightness":0.9058823585510254,"green":0.2980392277240753,"hue":5.61403604673216,"opacity":1.0,"opaque":true,"red":0.9058823585510254,"saturation":0.7402597409006234},"x":2,"y":6},"gameStage":1,"levelDifficulty":1,"mapSize":10,"random":{},"score":1,"snake":{"body":[{"color":{"blue":0.07058823853731155,"brightness":0.9529411792755127,"green":0.6117647290229797,"hue":36.80000137130419,"opacity":1.0,"opaque":true,"red":0.9529411792755127,"saturation":0.9259259227406068},"x":8,"y":4},{"color":{"blue":0.4431372582912445,"brightness":0.800000011920929,"green":0.800000011920929,"hue":145.4430375819791,"opacity":1.0,"opaque":true,"red":0.18039216101169586,"saturation":0.774509802095446},"x":8,"y":3},{"color":{"blue":0.4431372582912445,"brightness":0.800000011920929,"green":0.800000011920929,"hue":145.4430375819791,"opacity":1.0,"opaque":true,"red":0.18039216101169586,"saturation":0.774509802095446},"x":8,"y":2},{"color":{"blue":0.4431372582912445,"brightness":0.800000011920929,"green":0.800000011920929,"hue":145.4430375819791,"opacity":1.0,"opaque":true,"red":0.18039216101169586,"saturation":0.774509802095446},"x":8,"y":1}],"direction":2,"head":{"color":{"blue":0.07058823853731155,"brightness":0.9529411792755127,"green":0.6117647290229797,"hue":36.80000137130419,"opacity":1.0,"opaque":true,"red":0.9529411792755127,"saturation":0.9259259227406068},"x":8,"y":4},"size":4}}